title,url,Politifact,Politifact FB,Snopes,Snopes FB,Factcheck,Factcheck FB,ABC,ABC FB,error_phase2,original_article_text_phase2,article_title_phase2,publish_date_phase2,author_phase2
Babysitter transported to hospital after inserting a baby in her vagina,http://worldnewsdailyreport.com/babysitter-transported-to-hospital-after-inserting-a-baby-in-her-vagina/,,,https://www.snopes.com/babysitter-transported-to-hospital/,1734.0,,,,,No Error,"Cincinnati, Ohio | A 31-year old woman was admitted to the University of Cincinnati Medical Center yesterday after the 14-month old toddler she was babysitting got stuck in her vaginal cavity. Latifah Brown called 911 around 9:30 PM last night, reporting that she had a baby stuck in her vagina. The operator first assumed that she was giving birth at home and dispatched an ambulance to the site. The paramedics had quite a surprise when they arrived on the site and saw what was actually happening. One of the paramedics, Brian Whitmore, related the incident in an interview with WBNS-10 TV. The little boy wore a diaper and pyjamas, but he had his legs and abdomen stuck in the womans vagina. The paramedics spent more than an hour on the site trying to release the child from his difficult position but were unable to get the toddler out. I dont know how she got the child in there! We were both pulling as strong as we could and he wouldnt come out. Ms. Brown and the child were finally transported to the hospital, where doctors were able to separate them after a delicate operation. The young boy suffers from a dislocated hip, but doctors dont think he will suffer any sequelae from the incident. The babysitter was interrogated by police and confessed to deliberately inserting the child in her vaginal cavity. She explained that she was feeling depressed after her doctor told her she could never have children and wanted to know how it felt to give birth. Ms. Brown now faces a total of 11 criminal charges, including aggravated child neglect causing bodily harm, and could spend up to 65 years in prison. Her lawyer has asked for a psychiatric evaluation, claiming that she isnt fit to stand trial. Depending on the results of the evaluation, her trial could begin in June.",Babysitter transported to hospital after inserting a baby in her vagina,2017-05-03,Barbara Jennnings
"FBI seizes over 3,000 penises during raid at morgue employees home",http://worldnewsdailyreport.com/fbi-seizes-over-3000-penises-during-raid-at-morgue-employees-home/,,,https://www.snopes.com/fbi-seizes-3000-penises-raid-morgue-employees-home/,14.0,,,,,No Error,"FBI agents made an astonishing discovery this morning while executing a search warrant at the residence of a Houston mortician: 3,178 embalmed human penises. The Federal Bureau of Investigation suspected 54-year old Dave Murray, an employee of the Harris County Morgue, of being implicated in an organ trafficking network. Investigating several reports of missing organs and body parts, dozens of agents raided his residence this morning, hoping to find evidence of his involvement in the crimes. What they found on the site was a lot more disturbing than what they expected, as the FBI spokesman Andy Ramirez described the scene in an interview with WNTV-4. There were shelves everywhere, filled with hundreds of glass jars. Each of them contained a penis floating in formalin. According to Agent Ramirez, the accused rapidly confessed everything as soon as he was arrested. He explained in great detail how he had been cutting off dead mens genital organs and collecting them for more than ten years. It took the FBI more than seven hours to gather all the organs and other pieces of evidence that were found on the site. A total of 53 criminal charges have already been filed against Mr. Murray and hundreds more could be filed over the next few days. An anonymous FBI source told WNTV-4 that the number of charges could reach over 3,000. Dave Murray will remain in custody for the moment as a psychiatric evaluation has been ordered to determine if hes fit to stand trial. If he is considered fit, he should appear in court in October for the beginning of the procedures.","FBI seizes over 3,000 penises during raid at morgue employees home",2017-09-25,Barbara Jennnings
"Charles Manson to be released on parole, to Johnson County, TX",http://www.breakingnews365.net/59690fb994b9c/charles-manson-to-be-released-on-parole-to-johnson-county-tx.html,,,https://www.snopes.com/politics/satire/mansonparole.asp,,,,,,No Error,"Giant Squid Washes Ashore on Lake Michigan Michigan DNR were called to Leland to the report of a giant squid which had washed ashore. Michigan DNR Marine Biologist Dr. Debra Polowotski arrived at Good Harbor Bay and confirmed the 21 foot-long giant squid to be a very rare fresh-water species of genus Architeuthis. We thought they were already in Lake Erie, we had no idea they were in Lake Michigan. This is first time theres been an actual specimen recovered, so this is very exciting, she said. It is believed that a few of the squid escaped from the Cleveland Sea World complex during the great Northeast blackout of 2003 when they were very young, and somehow made it into Lake Erie. According to Dr. Polowotski, the squid were kept contained in Lake Erie, as the Detroit River is too narrow and shallow for the squid to swim upstream. They are intimidated by closed-in spaces. They need a lot of room. You have to remember that this is a very big animal, she said. Dr. Polotwotski also confirmed that the squid is a female and further examination of the corpse indicated that it had recently laid eggs. Hopefully the walleye can keep the tiny-giant squid population under control, else there is some cause for concern, said Dr. Polowotski. Boaters and swimmers really need to exercise some caution. The animal was discovered by Bob Ritchie and his sister Jill, both of Romeo. We were just, you know, taking an evening walk along the beach, heading out to the sandbar when we stumbled across it, said Bob. We were singing, drinking whiskey out of the bottle, not thinking about tomorrow. But something like this really does make you stop and think, he said. DNR officials removed the animal from the beach and took it to an undisclosed location for further study.","Charles Manson to be released on parole, to Johnson County, TX",,
Police: Chester Bennington Was Murdered,http://yournewswire.com/chester-bennington-murdered/,,,https://www.snopes.com/chester-bennington-and-chris-cornell-murdered/,22939.0,,,,,No Error,"Police have reportedly launched a murder investigation into Chester Benningtons death with insiders believing it is extremely likely the Linkin Park frontman was killed in eerily similar circumstances to his close friend Chris Cornell. FOUL PLAY SUSPECTED Detectives are looking into whether Chester Bennington was murdered, with the death scene later arranged to resemble a suicide. They have put a team of investigators in place and are refusing to rule out a criminal homicide charge. [UPDATE: Chester Benningtons Family & Friends Claim Media Guilty Of Murder Cover Up] Murders are sometimes made to look like suicides. We think he was murdered, we just have to find out who was behind it, said a police source. The Los Angeles County Medical Examiners office confirmed the 41-year-old nu-metal icon was found dead, but refused to provide details, with the agencys chief of operations, Brian Elias, remaining tight-lipped about whether media reports of suicide are accurate. We are investigating all angles, he said. Shocked and heartbroken, but it's true. An official statement will come out as soon as we have one.  Mike Shinoda (@mikeshinoda) July 20, 2017 SUSPICIOUS CIRCUMSTANCES CONFIRMED Bennington, who sang at Chris Cornells recent funeral after becoming close to the Soundgarden frontman in recent years, was reportedly working with Cornells foundation to prevent the sexual exploitation of vulnerable children. The Linkin Park frontman, who was the father of six children, and was also the godfather to Chris Cornells son, was on record talking about the long-term emotional fallout of being sexually abused by an older male as a child. If I think back to when I was really young, to when I was being molested, to when all these horrible things were going on around me, I shudder, he told the metal magazine Kerrang! in 2011. Now investigators believe that the deaths of Cornell and Bennington  who died on Cornells birthday  may be linked. The parallels between the two deaths are astonishing. The close friends, who were working on exposing notorious entertainment industry pedophiles, died in the same way  with Benningtons death taking place on what would have been Cornells 53rd birthday. HISTORY REPEATS  SAME OLD DIRTY TRICKS Close friends of Cornell say that he was shown a black book that included the name of one of his professional associates. After setting up his foundation and investigating further, Cornell was close to exposing a network of pedophiles working within the entertainment industry  a dangerous job that he considered his duty. But his friends believe he was taken out before he finished the job. I am in tears.Chester just told me how happy he was..He was such a sweet and talented manIfeel so sad for his family,band mates and fans  Nikki Sixx (@NikkiSixx) July 20, 2017 The official investigation into Chris Cornells death is closed, but his widow and many of his fans are unsatisfied with the ruling by police and medical examiners that the Soundgarden frontman committed suicide. Detroit police wrapped up their investigations quickly and the Wayne County Medical Examiners Office ruled the death a suicide, but investigators are claiming that unexplained gaps in the official timeline of Cornells final moments and suspicious inconsistencies in the records suggest that Cornells death was not suicide at all, but a premeditated homicide and cover up. Investigator Randy Cody is among those questioning the suicide ruling. He points to perceived timeline gaps, forensic questions and what he says are two signs that Cornell had a head wound that was not mentioned in autopsy reports. Speaking to Detroit Free Press, he referenced Detroit police scanner audio in which a medic is heard saying: patient did have an exercise rubber band around his neck, suggestions of possible strangulation, trauma to the back of the head, history of depression. Patient is cool to the touch in all areas at this time. Cody also questions whether medics really broke so many of Cornells ribs in efforts to resuscitate him. You mean these medics did nine rib fractures (during CPR)? Im not buying it, said Cody, who also believes Cornell was killed because he was about to expose a child sex ring. Chester had 6 kids. If anyone out there thinks the world is better without you. You are so unspeakably wrong on every level. Get help plz  OneRepublic (@OneRepublic) July 20, 2017 UNANSWERED QUESTIONS In May, Chester Bennington tweeted, As of today, my lifes purpose is one of love and understanding. The world needs to change and that change comes from within. Hate, pride, vengeance and fear are the plague of the earth. Love, kindness, compassion, empathy and service to others are the cure. He added a challenge to his followers on Twitter, Lets all choose to be a part of the cure. If we look outside ourselves to find love and peace we will ultimately fail. It has to come from within. Lead by example. Chester Bennington was a mature, well-adjusted man who had exorcised his demons and had dedicated the rest of his life to fighting for others  including his six children and his godson, Christopher Cornell  and exposing the pedophile ring in entertainment industry. However evil forces seem determined to shut these kind of people down. As details of his death emerge, it is worth keeping an eye on who pushes hardest with the suicide angle and attempts to shut down anyone who raises questions. They may be involved in the cover-up.",Police: Chester Bennington Was Murdered,2017-07-21,
Morgue employee cremated by mistake while taking a nap,https://worldnewsdailyreport.com/morgue-employee-cremated-by-mistake-while-taking-a-nap/,,,https://www.snopes.com/morgue-employee-cremated-nap/,7338.0,,,,,No Error,"Beaumont, Texas | An employee of the Jefferson County morgue died this morning after being accidentally cremated by one of his coworkers. According to the Beaumont Police Department, 48-year old Henri Paul Johnson decided to take a nap on a stretcher after working for sixteen hours straight. While he was sleeping, another employee mistook him for the corpse of a 52-year-old car accident victim and carried him to the crematory. Before anyone could notice the mistake, he had already been exposed to temperatures ranging between 1400 to 1800 degrees Fahrenheit and reduced to ashes. Jenna Davis, one of Henri Johnsons coworkers, says she heard him scream for about 15 seconds after the crematory was activated. At first, we didnt understand where the sound was coming from. When we realised what was happening, it was too late. We shut down the heating system, but he was already dead. Ms. Davis claims that the young coworker who caused the accident was a new employee and had forgotten to check for the toe tag to make sure he had the right body. The police have opened an investigation to determine the exact circumstances surrounding Mr. Johnsons death. Investigators have not ruled out the possibility of filing criminal charges against the employee who caused his death. The young man could possibly be accused of criminal negligence causing death.",Morgue employee cremated by mistake while taking a nap,2017-03-01,Barbara Jennnings
Female Legislators Unveil 'Male Ejaculation Bill' Forbidding The Disposal Of Unused Semen,http://www.burrardstreetjournal.com/female-legislators-unveil-male-ejaculation-bill/,,,https://www.snopes.com/unused-semen-bill/,376.0,,,,,No Error,"WASHINGTON, DC (By J. McConkey)A group of leading female legislators have enacted a new bill that forbids American men from disposing of unused sperm, requiring them to bring any recreational semen to a nearby fertility clinic. According to noted alternative facts specialist, Stephanie Yorke, sperm is intended for procreation only and not to be wasted on pleasure: Any sperm not being used for the purpose of procreation must be immediately donated to a sperm bank, Yorke warned. Failure to do so will lead to hefty fines and ultimately, incarceration, under the new Level Playing Field Bill. BREAKING: Trump Reveals Plans To Build Bridge With Russia; Insists Putin Will Pay Later In response, leading male medical academics have raised concerns that refraining from masturbation would be hazardous to mens testicular health, increasing their chances of prostate cancer. Dr. David Ambrose hit out at the bill, claiming it put American men in the very difficult position of having to father and immediately surrender a child, everytime they ejaculate. He claims this will have very negative effects on mens long-term mental health. Basically, men have been put in a position of having to choose between their health and enjoyment and having to give away their child if theyre not having sex for procreation, Dr. Ambrose said. Its deeply disturbing and quite invasive to the most personal part of a mans life, he added. Not only that, but if they dont have a safe or legal way to dispose of the semen, they may resort to more harmful and unhygienic ways of getting rid of it. SEE MORE: Obama Wakes Up To 37 Missed Calls From Oval Office On First Day As Regular Citizen One 15 year old boy in Ohio, with severe pelvic and testicular congestion which if untreated could prove fatal, has begged doctors to allow him to ejaculate and dispose of his secretions without having to donate his sperm. His physician, Dr. Sheila Burton, has repeatedly explained to the boy that his unconceived child is more important than his own life, and he must either endure the pain or face giving away his unborn child. When asked why women in government had the right to make this decision on behalf of men or why the government should be regulating mens reproductive rights at all, the female officials replied, sorry, it came from above. Men exist to produce babies. If they want to experience pleasure, theyll just have to endure the consequences. We wish there was another way, we truly do, but our hands are tied. God wants what she wants. What do you think of the Male Ejaculation Bill? Join the debate on Facebook and Twitter, or support us by donating as little as $1 to our Patreon page!",Female Legislators Unveil Male Ejaculation Bill Forbidding The Disposal Of Unused Semen,2017-01-23,
President Trump Orders the Execution of Five Turkeys Pardoned by Obama,http://realnewsrightnow.com/2017/01/president-trump-orders-execution-five-turkeys-pardoned-obama/,,,https://www.snopes.com/trump-turkey-pardons-reversed/,1821.0,,,,,No Error,"WASHINGTON, D.C.  In another sweeping move aimed at undoing the perceived damage done by the Obama administration, President Donald J. Trump signed an executive order on Tuesday directing the Department of Justice to revoke all sixteen Thanksgiving Day turkey pardons issued by the former president during his eight years in office. After reviewing the decisions made by the previous administration, President Trump has determined that a number of turkey pardons issued by Barack Obama were done so in a manner that was both deceitful and hazardous to the American people, White House Press Secretary Sean Spicer announced on Tuesday. This morning, the president once again used his executive powers to see to it that justice is served and that the surviving creatures will be destroyed. Spicer said very little is known about the true origins of the sixteen turkeys or why they were specifically singled out by former President Barack Obama. There are a lot of obvious questions we just dont have the answers to. Were they connected to radical Islamic terrorism? Black Lives Matter extremists? We cant be sure, he said. All we know is they were sentenced to death and Obama took it upon himself to meddle in the independent judicial process. Of the sixteen turkeys pardoned by Obama, all but five are deceased. These birds, despite their deaths, will have their pardons revoked posthumously during a ceremony in the Rose Garden, Secretary Spicer explained. The remaining birds  Tater, Tot, Abe, Honest, and Cheese  are scheduled to be remanded into federal custody on Friday before they are turned over to officials from the Federal Bureau of Prisons who are under orders to execute the turkeys by firing squad. The annual Thanksgiving Day turkey pardon dates back to 1863 when President Abraham Lincoln first granted clemency to his sons beloved pet turkey which the First Family had intended to feast on for Thanksgiving dinner.",President Trump Orders the Execution of Five Turkeys Pardoned by Obama,2017-01-24,R. Hobbus J.D.
Elderly woman accused of training her 65 cats to steal from neighbors,http://worldnewsdailyreport.com/elderly-woman-accused-of-training-her-65-cats-to-steal-from-neighbors/,,,https://www.snopes.com/did-elderly-woman-train-cats-to-steal/,1019.0,,,,,No Error,"Columbus, Ohio | An 83-year old woman was arrested this morning and accused of training dozens of cats to steal jewelry and other valuables from her neighbors. The Columbus Police Department opened an investigation on Ruth Gregson and her 65 cats in October after several neighbors reported small objects being stolen from their homes. Several victims reported being visited by Ms. Gregsons cats before noticing the disappearance of several shiny objects, like valuable cutlery and pieces of jewelry. Despite their skepticism, investigators began a surveillance operation and were amazed by what they discovered. According to Columbus Police Chief Kim Jacobs, dozens of cats were constantly coming and going, bringing home anything that shined. She was like Fagin in Oliver Twist, but she was using cats as thieves instead of children. In less than three hours of surveillance, the detectives saw the cats bring home more than a hundred objects. Upon searching Ms. Gregsons house, investigators found $650,000 worth of jewelry and precious metal among piles of worthless shiny baubles. A total of 65 adult cats and 17 kittens were found on the site and entrusted to the Columbus Humane Society. Chief Jacobs says the elderly woman confessed to training her cats to steal, saying the felines had to earn their meals. She would only feed the animals if they brought home valuables, so the animals had to steal every day in order to survive. Most were voluntarily malnurished so they would easily gain the neighbors pity and be allowed inside their houses. According to the Columbus Police, Ms. Gregsons animals could have stolen from more than 5,000 houses and apartment in the area, and investigators invite possible victims to contact them. While Ms. Gregson is the first person in American history to be accused of training cats to steal, this isnt the first time that animals are trained to commit crimes. In 2009, a surveillance that caught a monkey stealing hundreds of dollars worth of plants from a Texas nursery. At the time, the police and store owners had hypothesized that the monkey had been trained to take the plants and hand them over a fence to a waiting human accomplice. In 2013, a Chicago court sentenced a man to five years in prison for training ferrets to steal cell phones from people on the street and on public buses.",Elderly woman accused of training her 65 cats to steal from neighbors,2017-11-03,Barbara Jennnings
Couple hospitalized after man gets his head stuck in his wifes vagina,http://worldnewsdailyreport.com/couple-hospitalized-after-man-gets-his-head-stuck-in-his-wifes-vagina/,,,https://www.snopes.com/man-head-stuck-wife/,8.0,,,,,No Error,"A couple was transported to the hospital in a very awkward position last night after a man somehow got his head stuck in his wifes vagina during a strange sexual game. Tom and Janis Morrison, a young couple from the small town of Greensboro in Alabama, called 911 around 10:00 pm last night to ask for an ambulance. Samantha Irving, the operator who took the call, says she thought it as a joke when he explained the situation. The woman told me that her husband had fallen and that his head was now stuck in her vaginal cavity. I really thought that it was a group of teenagers making a prank call. Despite Ms. Irvings doubts, she sent an ambulance on the site and the paramedics rapidly realized that the situation was in fact very serious. Bill Austin, one of the paramedics who transported the couple, claims they were lying naked on their bed and partially covered in blood. The woman kept screaming out in pain whenever the guy moved, but he had half of his face buried in there and he looked like he was going through Hell! The couple was transported to the nearby Hale County Hospital, where doctors were able to separate the couple. Ms. Morrison suffered from severe internal bleeding but is now stable, while her husband has suffered only a few scratches and bruises. According to doctors, both could also suffer from post-traumatic stress syndrome. Incidents like this one are, indeed, quite unusual, but hundreds of couples are admitted to the hospital every year in the U.S. after getting stuck together during sexual intercourse. According to data collected by the U.S. Department of Health and Human Services, 3,213 couples were hospitalized for such problems across the country in 2015 and 3,789 in 2016. According to the same data, the Morrisons are the first couple to be hospitalized for a head stuck inside a vaginal cavity since October 2007.",Couple hospitalized after man gets his head stuck in his wifes vagina,2017-09-14,Barbara Jennnings
Colorado: Hunter claims he was sexually assaulted by a sasquatch,http://worldnewsdailyreport.com/colorado-hunter-claims-he-was-sexually-assaulted-by-a-sasquatch/,,,https://www.snopes.com/colorado-hunter-sasquatch/,357.0,,,,,No Error,"Darrel Whitaker from Glenwood Springs in Colorado claims a sasquatch attacked him and attempted to rape him while he was walking in the woods. The 57-year-old man was walking to his hunting cabin on Sunday to see if it had suffered any damage during the winter. All of a sudden, a large gorilla-like creature dropped from a tree in front of him and punched him in the face. It was at least 8-foot tall and its punches hurt like hell! I was knocked right out at the first blow! While Mr. Whitaker was trying to recover from the attack, the large humanoid creature began to tear his clothes while letting out some terrifying howls. When I regained consciousness, he had already torn my pants and was tearing through my underwear. I stabbed him in the shoulder with my hunting knife, and that made him run away. Mr. Whitaker immediately reported the attack to both the Glenwood Springs Police Department (GSPD) and the Colorado Parks and Wildlife agency and a joint investigation has been launched. Darrel Whitaker is convinced that the creature who attacked him was a sasquatch, but the GSPD investigators say its more probable that the attacker is simply a particularly large and hairy man. They are currently interrogating nearby residents to see if anyone noticed an individual corresponding to the description of the suspect. According to the victim, the attacker measure around 8-foot tall and is extremely hairy. He has brown hair, dark brown eyes, and extremely large feet. If you possess any information concerning the suspect, please contact the Glenwood Springs Police Department or the Colorado Parks and Wildlife agency.",Colorado: Hunter claims he was sexually assaulted by a sasquatch,2017-05-11,Barbara Jennnings
"Las Vegas: Video Confirms Multiple Shooters, Co-ordinated Attack",http://yournewswire.com/las-vegas-video-multiple-shootes/,,,https://www.snopes.com/second-gunman-shoot-fourth-floor-mandalay-bay/,23.0,,,,,No Error,"The mainstream media narrative about the Las Vegas shooting has been debunked by two explosive videos provided to Your News Wire that confirm there were multiple shooters involved in a co-ordinated attack. Both videos show gunfire originating from the fourth floor of the Mandalay Bay Hotel, much lower than the 32nd floor, where the mainstream media is claiming Stephen Paddock, a lone wolf, fired on the crowd using an automatic weapon. SHOTS FIRED ON 4TH FLOOR You can clearly see shots being fired from the fourth floor of the Mandalay Bay. #LasVegasShooting Posted by The People's Voice on Monday, October 2, 2017 The mainstream media narrative regarding Paddocks motives have also been debunked by FBI sources who reportedly claimed the shooter has links to Antifa as well as ISIS. But mainstream media is actively covering up the information, claiming Paddock had no political or religious affiliations or interests. The fact is the Las Vegas shooting was clearly an co-ordinated false flag attack, orchestrated by Paddock as well as at least one other as yet unidentified gunman operating from the fourth floor of the hotel. The mass shooting and scores of dead will be used by the elite to further their nefarious agenda. [RELATED  Bellagio Hotel Guests And Staff Confirm Multiple Shooters] Anybody who looks into the information available to them on the internet will arrive at the same conclusion. Unfortunately anybody who relies on mainstream media for their information will be force-fed a very different conclusion. SECOND LAS VEGAS SHOOTER More evidence of a second shooter at the 4th floor window of the Mandalay Bay hotel. #LasVegasShooting Posted by The People's Voice on Monday, October 2, 2017 The questions must be asked: why is the mainstream media covering for a mass murderer? Why are they attempting to rewrite his past and erase his political affiliations? The answers are simple. The corporate media, controlled by a small, elite oligarchy, is operating on behalf of the New World Order, attempting to mislead the public into believing their enemies are their friends, and their friends are their enemies. [RELATED  Hotel Guest Next Door To Shooter Saw Multiple Gunmen] It doesnt suit the mainstream medias agenda to have an Antifa member responsible for the worst mass shooting in American history. They are actively engaged in covering up this fact up so they can continue pushing the New World Orders sick and twisted agenda. Stephen Paddock, the Las Vegas shooter, was an Antifa member who carried out the worst mass shooting in American history in order to create further division in American society, push the country towards civil war, and further the agenda of the elites. Official Antifa facebook page, Antifa Melbourne, congratulated Stephen Paddock after the bloodiest mass shooting in Americas history, before deleting the post after a torrent of criticism. There is an active campaign to sow division and create chaos in the United States. Organized groups are working on behalf of global organizations with the most nefarious of goals. We need to wake up and stop believing everything fed to us by the mainstream media. They have proven themselves completely unreliable. We need to stop hiding from the truth.","Las Vegas: Video Confirms Multiple Shooters, Co-ordinated Attack",2017-10-02,
White Baseball Players Kneel in the 50's to protest Black Lynchings,http://www.breakingnews247.net/59f31b71e36be/white-baseball-players-kneel-in-the-50-s-to-protest-black-lynchings.html,,,https://www.snopes.com/baseball-players-kneeling-protest-1950s/,1976.0,,,,,No Error,"Greensburg clown found eating a live cat. Late last night Greensburg police received a phone call from a worried resident saying ""she heard very concerning sounds coming from an alley way near her house"". Upon arrival officers instantly heard the noise she was talking about but never expected what they where about to see. Upon investigation they found a 21 year old male dressed as a clown eating a live cat who's legs were zip tied together. The cat was still crying for help as the individual was seemingly eating around the vital spots prolonging it's death. When he noticed the officers he started petting the cat and told the officers ""curiosity killed the cat, I wanted to see if it tasted like Chinese food."" He was non resistant during arrest however did not have identification when asked his name he always replied ""furball munchinsrein the clown"". In the holding cell it was reported he kept calling to a female officer ""here kitty kitty kitty"" she eventually approached him and said what he reportedly said ""I wonder if you taste like Chinese food come on just let me get one little bite"" and continued to bite at the cells bars. He is now in a high security prison for the criminally insane. It was reported that in the asylum he bit open his own fingers and painted himself as a clown with his own blood and refuses to answer questions and instead meows. His trial is on the 31st however police say they doubt he will ever be allowed back into society.",White Baseball Players Kneel in the 50's to protest Black Lynchings,,
CIA Agent Confesses On Deathbed: 'We Blew Up WTC 7 On 9/11',http://yournewswire.com/cia-911-wtc7/,,,https://www.snopes.com/cia-agent-confesses-wtc7/,5178.0,,,,,No Error,"79-year-old retired CIA agent, Malcom Howard, has made a series of astonishing claims since being released from hospital in New Jersey on Friday and told he has weeks to live. Mr. Howard claims he was involved in the controlled demolition of World Trade Center 7, the third building that was destroyed on 9/11. Mr. Howard, who worked for the CIA for 36 years as an operative, claims he was tapped by senior CIA agents to work on the project due to his engineering background, and an early career in the demolition business. Trained as a civil engineer, Mr. Howard became an explosives expert after being headhunted by the CIA in early 1980s. Mr. Howard says he had extensive experience in planting explosives in items as small as cigarette lighters and as large as 80 floor buildings. The 79-year-old New Jersey native says he worked on the CIA operation they dubbed New Century between May 1997 and September 2001, during a time he says the CIA was still taking orders from the top. Mr. Howard says he was part of a cell of 4 operatives tasked with ensuring the demolition was successful. Mr. Howard says the World Trade Center 7 operation is unique among his demolitions, as it is the only demolition that we had to pretend wasnt a demolition job. He claims he had no problem going through with the deception at the time, because when you are a patriot, you dont question the motivation of the CIA or the White House. You assume the bigger purpose is for a greater good. They pick good, loyal people like me, and it breaks my heart to hear the shit talk. [John Kerry Admits WTC 7 Was Brought Down By Controlled Demolition] But even he admits that now, looking back, Something wasnt right. No good has come from this. This isnt the America we envisioned. Explaining how the building was bought down, Mr. Howard says, It was a classic controlled demolition with explosives. We used super-fine military grade nanothermite composite materials as explosives. The hard part was getting thousands of pounds of explosives, fuses and ignition mechanisms into the building without causing too much concern. But almost every single office in the Building 7 was rented by the CIA, the Secret Service, or the military, which made it easier. Mr. Howard explains that WTC 7 was loaded with explosives in strategic places in the month leading up to the day that changed the course of American history. On September 11th, while the North and South towers burned, fuses were ignited in World Trade Center 7, and nanothermite explosions hollowed out the building, destroying the steel structure, removing the reinforcements, and allowing the office fires to tear through the rest of the building, hollowing it out like a shell. World Trade Center 7 collapsed into its own footprint at 5:20pm, seven hours after the destruction of WTC 1 and 2. The building shocked witnesses by coming down at the speed of freefall, indicating that it encountered zero resistance on the way down. Mr. Howard and his colleagues had done their job. When the building came down, it was such a rush. Everything went exactly to plan. It was so smooth. Everybody was evacuated. Nobody was hurt in WTC 7. We were celebrating. We kept watching replays of the demolition, we had the whiskey and cigars out, and then all of a sudden the strangest thing happened. We all started to worry that it looked a bit too smooth. We watched the tape again and again and again and we started to get paranoid. It looked like a controlled demolition. We thought shit, people are going to question this. And then we heard that people from the street were reporting that they heard the explosions during the afternoon. When we were told that the BBC botched their report and announced to the world that the building collapsed 20 minutes before it actually did At that point we really thought the gig was up. According to the official 9/11 report issued by the government, WTC 7 collapsed due to uncontrolled fires that were caused by debris that floated over from WTC 1 and 2, which had been hit by passenger planes. If the official narrative was true, WTC 7 would be the first tall building in the world to ever collapse due to uncontrolled fires, and the only steel skyscraper in the world to have collapsed into itself, due to office fires. Mr. Howard and his colleagues feared the public would see through the official narrative and rise up against the government, demanding to be told the truth. There were so many loose ends, so much evidence left behind. We thought the public would be all over it. We thought there would be a public uprising that the media couldnt ignore. Theyd be funding investigations and demanding to know why they were being lied to. We thought theyd find chemical composites in the area that would prove Building 7 was blown up. We thought there would be a revolution. It would go all the way to the top, to President Bush. Hed be dragged out of the White House. But none of that happened. Almost nobody questioned anything. The media shot down anyone who dared question anything they were told. Follow the money Mr. Howard claims he has no direct knowledge about the destruction of North and South Towers of the World Trade Center, explaining that CIA operations are very specific and that it is common to be working on a larger project while only understanding a small piece of the puzzle. [9/11: Larry Silverstein Designed New WTC-7 One Year Before Attacks] But he has advice for investigators seeking to understand the entire puzzle and work out who was behind the most devastating attack on American soil in history. Follow the money. When you want to find out who is behind something, just follow the money. Look at the trades made just before 9/11. These are the guys that knew what was coming. The sons of CIA agents, government officials. Close relatives of the most powerful men in America. Cheney, Rumsfeld. They all got rich. It wasnt just the contracts awarded to their friends in the construction business and the wars and the kickbacks. It was insider trading. Many countries including Britain, France, Germany, Italy, Japan and Monaco launched insider trading investigations in the wake of the 9/11 attacks, believing that if they could prove Al-Qaeda operatives profited on the stock market then they could prove the terror organization was behind the attacks. And all the evidence pointed to heavy insider trading around 9/11. Italys foreign minister, Antonio Martino, said: I think that there are terrorist states and organizations behind speculation on the international markets. German central bank president, Ernst Welteke, said his researchers had found almost irrefutable proof of insider trading. Even CNN reported that regulators were seeing ever-clearer signs that someone manipulated financial markets ahead of the terror attack in the hope of profiting from it. Mr. Howard says that a serious study of who profited on the stock market from 9/11 would tear the heart out of the oligarchy in America. There is only one organization that spans the entire world, and let me tell you now, it isnt and it never was al-Qaeda. Its the CIA. There could never be a real investigation. The entire shadow government, as you call them now, are implicated. The 79-year-old, spending his final weeks at home, said he doesnt expect to be taken into custody following his confession because then theyd have to go after everyone else. They will just use the media to attack me. They are all on the payroll to suppress everything around 9/11.",CIA Agent Confesses On Deathbed: 'We Blew Up WTC 7 On 9,2017-07-13,
Celebrities Call For 'Total Hollywood Strike' Until Trump Resigns,http://yournewswire.com/hollywood-strike-trump-resign/,,,,,http://www.factcheck.org/2017/05/hollywood-strike-hoax/,569.0,,,No Error,"A group of liberal Hollywood celebrities are threatening a massive, all-round Hollywood strike unless Donald Trump resigns. Describing Hollywood as the base of the entire modern American culture, the group also claims to be speaking on behalf of all of humanity. Its about time people understood that were the ones with the power and that the president is there to serve us, not the other way around, a spokesperson for the group told The New York Times. Were calling for a general strike that would include every single person involved in making motion pictures in Hollywood, starting with the actors and celebrities themselves and encompassing companies in charge of making props, movie memorabilia and even souvenir shops. Spinzon reports: Rosie ODonnell, Debra Messing, Ed Asner and Michael Shannon are among the dozens of artists, entertainers, and activists who have attached their names to an effort calling for a month-long protest to stop President-elect Donald Trump. No! In the Name of Humanity We Refuse to Accept a Fascist America! reads a full-page ad placed in the New York Times on Wednesday by the group Refuse Racism. Donald Trump, the President-elect, is assembling a regime of grave danger, the ad says. Millions of people in the US and around the world are filled with deep anxiety, fear and disgust. Our anguish is right and just. Our anger must now become massive resistance  before Donald Trump is inaugurated and has the full reins of power in his hands. Other Hollywood celebrities who have also joined the campaign, however, are calling for an all-out strike that would span the entire movie industry in the hopes that such a move would urge the President-elect to resign from his position as the newly elected President of the United States. Were calling for a general strike that would include every single person involved in making motion pictures in Hollywood, starting with the actors and celebrities themselves and encompassing companies in charge of making props, movie memorabilia and even souvenir shops, a spokesperson for the Refuse Racism group told The New York Times. Its about time people understood that were the ones with the power and that the president is there to serve us, not the other way around. Asked to elaborate on why the group is targeting Hollywood out of all the industries in the country as their bargaining chip, the spokesperson argued that Hollywood is, simply put, the base of the entire modern American culture. It is the foundation of the country, so to speak, the glue thats holding it together. And think about what happens when you destroy the foundation of a house. It comes crashing down, right? Well, thats exactly whats going to happen to America unless Donald Trump realizes how real the danger of that actually is, and chooses to step down as President of his own free will. And while were on the subject, between you and me  nobody wants Hollywood to stop doing its thing, but this is a necessary move. Besides, its not like the billionaire-businessman-turned-president hasnt ventured into movies in his day, right? So, hell understand firsthand whats going to happen if Hollywood goes to strike. Without the work of Hollywood and the lifestyle promoted by it, there will literally be no more America to rule for Trump. So, in effect, its not us that are going to force Donald Trump to resign his office; its the people of America who are going to make him do it, because the Gods honest truth is  without Hollywood, there is no America. Its like trying to run Nazi Germany without Hitler at the forefront  it just becomes pointless, the spokesperson concluded.",Celebrities Call For Total Hollywood Strike Until Trump Resigns,2017-01-09,
NPR: 25 Million Votes For Clinton 'Completely Fake',http://yournewswire.com/npr-25-million-fake-clinton-votes/,,,https://www.snopes.com/25-million-fraud-votes-for-clinton/,3424.0,http://www.factcheck.org/2017/08/25-million-clinton-votes-werent-fake/,6577.0,,,No Error,"A study published by NPR reveals that over 25 million Hillary Clinton votes were completely fraudulent, meaning that the Democratic candidate actually lost the popular vote by a huge margin. A study by the Pew Center claiming that over 800,000 non-citizens voted for Hillary Clinton failed to take into account dead and fraudulent voters which totalled over 25 million registered voters. According to reports, illegal aliens combined with dead voters and multiple state voters explains why Hillary appeared to have won the popular vote over Trump during this years presidential race. Infowars.com reports: A report by the Pew Center on the States finds that more than 1.8 million dead people are currently registered to vote, and 24 million registrations are either invalid or inaccurate, NPR reported in 2012, which is ironic given how NPR is heavily controlled by Democrats. And many of the dead, registered voters somehow keep voting Democrat from beyond the grave, most recently in Philadelphia, Penn. and Colorado. Its also worth noting that the U.S. population has increased since 2012, meaning that theres likely more dead and invalid voters than before. The Pew study found that almost 3 million people are registered to vote in more than one state, NPR added. Thats because when a new resident registers to vote in a state, officials usually never bother to tell his former state about the change in voter residency. Under the catch and release immigration program by the Obama administration, illegal aliens were routinely given bus tickets to travel to other states by immigration officials, so it was theoretically possible for non-citizens to register to vote in a border country illegally, then register to vote in another state after their taxpayer-funded bus dropped them off. Clinton won most of the 163 most populous counties in the US that account for half of the total votes in the election, including dense urban areas in New York and California, yet she only won the popular vote by 2.8 million votes, which reveals the lack of enthusiasm voters had for her in comparison to Trump  and that Democrats would have depended more on illegal votes. A portion of the 24 million invalid voter registrations combined with a portion of the 1.8 million dead voters and the over 800,000 known illegal voters could explain the difference of 2.8 million votes, and its worth noting that the 800,000 figure could be a low, conservative estimate. That said, a popular vote victory is meaningless; if the president was elected by popular vote, then both Trump and Clinton would have campaigned in entirely different states because only densely population regions of the U.S. would decide who would become president. Without the electoral college, the United States of America would be reduced to the United States of New York and California, with 48 other vassal states. Yet notice how Clinton campaigned in other, less populated states. They knew the popular vote was meaningless ahead of the election. However, the popular vote is useful as a barometer for voter fraud since the most populous countries are also the most susceptible to election tampering by illegal, invalid and dead voters.",NPR: 25 Million Votes For Clinton Completely Fake  She Lost Popular Vote,2017-01-29,
World's most popular candy to be removed from shelves by October 2017!,http://www.breakingnews247.net/59bc13819a723/world-s-most-popular-candy-to-be-removed-from-shelves-by-october-2017.html,,,https://www.snopes.com/reeses-peanut-butter-cups/,3137.0,,,,,No Error,"Greensburg clown found eating a live cat. Late last night Greensburg police received a phone call from a worried resident saying ""she heard very concerning sounds coming from an alley way near her house"". Upon arrival officers instantly heard the noise she was talking about but never expected what they where about to see. Upon investigation they found a 21 year old male dressed as a clown eating a live cat who's legs were zip tied together. The cat was still crying for help as the individual was seemingly eating around the vital spots prolonging it's death. When he noticed the officers he started petting the cat and told the officers ""curiosity killed the cat, I wanted to see if it tasted like Chinese food."" He was non resistant during arrest however did not have identification when asked his name he always replied ""furball munchinsrein the clown"". In the holding cell it was reported he kept calling to a female officer ""here kitty kitty kitty"" she eventually approached him and said what he reportedly said ""I wonder if you taste like Chinese food come on just let me get one little bite"" and continued to bite at the cells bars. He is now in a high security prison for the criminally insane. It was reported that in the asylum he bit open his own fingers and painted himself as a clown with his own blood and refuses to answer questions and instead meows. His trial is on the 31st however police say they doubt he will ever be allowed back into society.",World's most popular candy to be removed from shelves by October 2017!,,
Se extiende la edad para jubilarse,http://www.12minutos.com/58f7d2c435970/se-extiende-la-edad-para-jubilarse.html,,,,,,,,,No Error,"La tecnologa afecta el desarollo de los nios Hace solo 20 aos, los nios jugaban todo el da al aire libre, montaban en bicicleta, hacan deporte y lean libros. Los nios de antes, con su dominio de juegos imaginarios, creaban su propia forma de divertirse, que no necesitaba un equipamiento costoso ni la supervisin de los padres. Hoy las familias son diferentes. La influencia de la tecnologa en una familia del siglo XXI est fracturando su base y causando una desintegracin de los valores fundamentales que hace tiempo eran el tejido que las una. . Las tecnologas del entretenimiento (televisin, internet, videojuegos, iPads, telfonos mviles) han avanzado con tal rapidez que las familias apenas se han dado cuenta del enorme efecto y los grandes cambios que han supuesto en su estructura familiar y su estilo de vida. Un estudio llevado a cabo en 2010 por la Kaiser Foundation mostraba que los nios en edad de primaria consumen un promedio de 7,5 horas diarias de tecnologas del entretenimiento, el 75 de ellos tienen televisor en su dormitorio, y el 50 de los hogares estadounidenses tienen la televisin encendida todo el da. Ya no hay conversacin en torno a la cena, sustituida por la gran pantalla y la comida para llevar. Los nios recurren a la tecnologa para la mayor parte de sus juegos, lo cual reduce los retos para su creatividad y su imaginacin y los obstculos necesarios para que su cuerpo adquiera un desarrollo sensorial y motor ptimo. Los cuerpos sedentarios y bombardeados con estmulos sensoriales caticos generan retrasos en el cumplimiento de las etapas del desarrollo infantil, con las consiguientes repercusiones negativas en las aptitudes esenciales para la alfabetizacin. Los jvenes de hoy, preparados desde el principio para la velocidad, llegan al colegio con problemas en su capacidad de autorregulacin y de atencin, dos elementos necesarios para aprender, y que al final acaban por ser problemas importantes de control del comportamiento para los profesores en el aula. Es por eso que la empresa Toy planet creo una linea de juguetes didcticos en forma de libros. Esto ayudar a que los nios se mantengan ocupados leyendo y as ejerciten sus mentes, su propia imaginacin y creativad pero principalmente generar en ellos que no se pierdan el inters por la lectura en papel.",Se extiende la edad para jubilarse,,
Yolanda Saldivar Dead At 54: Selena Fans Rejoice - Chicago Civic Tribune,http://civictribune.com/yolanda-saldivar-dead-at-54-selena-fans-rejoice/,,,,,,,,,No Error,"The murderer of beloved tejano queen, Selena Perez, has been found dead in her prison cell of what is believed to be natural causes. Yolanda Saldivar admitted to the killing in 1995, and was sentenced to life in prison with the possibility of parole. She has since called the Mountain View Unit in Gatesville, Texas, home. BREAKING  After spending nearly 20 years in prison for the murder of beloved Tejano superstar, Selena Quintanilla Perez, Yolanda Saldivar was found dead in her cell by deputies during a routine walk through of the Mountain View unit in Gatesville, Texas. Attempts to resuscitate Saldivar proved futile as she appeared to have been dead for several hours before discovery. Cause of death will be announced pending autopsy and toxicology reports. It had been rumored that Saldivar had been suffering from kidney ailments in recent years, and was reported to have had been petitioning for an early release. Source-",Yolanda Saldivar Dead At 54: Selena Fans Rejoice,2017-03-01,
Justin Bieber: Pedophiles Run The 'Evil' Music Industry,http://yournewswire.com/justin-bieber-pedophiles/,,,https://www.snopes.com/pedophiles-music-industry/,1241.0,,,,,No Error,"Justin Bieber told hundreds of people at a Bible study class in Los Angeles that he has woken up to the evils of the music industry and he needs to take a break from the industry because it is controlled by the absolute worst kind of people  pedophiles. Bieber has become a regular at the Bible study class held at the Montage in Beverly Hills and on Saturday 22nd July he shared what he described as a horrific story with the congregation and explained why he felt he had to quit his world tour. Describing a party on tour  attended by the upper echelon of the music business, including executive VPs of development, producers, power agents and international financiers  Bieber said he was encouraged to sexually abuse a young child who had been bought to the party for the sexual gratification of the industry elite. I didnt want to do this. I really didnt. They said this kid was drugged, it was horrible, Bieber said, explaining that it was made clear to him that he would gain entry to the business side of the industry if he joined the club by passing the initiation rites. I wouldnt just be a performer, Id be a mogul. That path would open up for me, like it did for Jay-Z. Its the difference between being a millionaire and being a billionaire. But Bieber told the congregation that he couldnt do it. To join the club Id have to do bad things to this poor kid. But then I realized that even that wasnt enough for them. Id also have to kill this little child. Bieber said he had heard rumors about this type of initiation in the music industry, but he had not been confronted with it before. I got told they secretly film these parties. Once theyve got you on video doing something like that, they own you. Bieber said his conscience is clear because he didnt participate, but the fate of the drugged child is haunting him. They said this kid was raped by a few different guys. They said he was bleeding. I got out of there but I heard he died and that haunts me. This allegation from Justin Bieber adds to the wave of accusations made by celebrities and musicians about the real nature of the music and entertainment industry elite. Corey Feldman and Elijah Wood have both gone on record exposing the pedophilia at the heart of Hollywood. According to Elijah Wood, innocent young lives are destroyed to satisfy people with parasitic interests who see you as their prey. In an interview with the Sunday Times, Wood dropped a series of bombshells about the pedophiles that run the industry, noting that Clearly something major was going on in Hollywood. It was all organized. If you read the Washington Post or watch CNN, pedophilia is not a problem, and those who talk about it are tinfoil hat wearing kooks perpetuating fake news. But more and more stars are coming forward with similar stories about the depraved Hollywood and music industry system. In recent months Nicole Kidman and Lindsay Lohan also spoke out about pedophilia in Hollywood. Close friends of Chris Cornell and Chester Bennington claim the recently deceased pair were working on exposing the pedophile ring working at the heart of the music industry  and it cost them their lives. Justin Bieber shocked his fans by cancelling his world tour and announcing that he needed some time away from the music industry. But as more information comes to light, it appears he made the best possible decision.",Justin Bieber: Pedophiles Run The Evil Music Industry,2017-08-03,
WikiLeaks: Clinton Bribed 6 Republicans To 'Destroy Trump',http://yournewswire.com/wikileaks-clinton-bribed-6-republicans/,,,,,,,http://abcnews.go.com/Politics/republicans-bribes-hillary-clinton-sabotage-donald-trump/story?id=45064731,4600.0,No Error,"WikiLeaks has released information that shows Hillary Clinton campaign staffers bribing 6 Republicans to destroy Trump. In an email from John Podesta to Huma Abedin, the pair discuss diverting Clinton campaign funds to various Republicans who were secretly on the Clinton payroll. Conservativedailypost.com reports: The email, sent in July of this year, describes how funds were being diverted from Clintons campaign to the Super PACS of Jeb Bush, Carly Fiorina, and John Kasich. According to the email: JB, CF, and JK PACS will be noticeably silent for the rest of the campaign. Each will receive a significant allowance from advertising budget. HRC is in the loop and has talked to all three personally. Eyes only. Other emails that surfaced but do not refer to anything other than title have also surfaced that raised eyebrowS. It seems at a glance that the Clinton Foundation, or as I am calling it, the Pantsuit Mafia, has bought off several key members of the Republican Party to push the Clinton agenda. Such as: He is on board, will retract the invitation to speak. Eyes only. This email was dated days before Speaker of the House Paul Ryan withdrew the invitation to Donald Trump to speak at an event in Wisconsin. Even though we do not have the smoking gun to say it was him, no other logical conclusion can be assumed. Other emails hint at the money being moved to Republican elected officials in the House and Senate. For instance FEC reports shows that two large donations from PACS and private sources ln early October went to John McCain right after he attacked Trump publicly criticized Trump. That happened shortly after a slew of emails concerning moving money to support one candidate and move support from another. Shortly thereafter, his challenger in this tight race, Kirkpatrick, lost several key donors and money and support lessened from the DNC and the DSCC in the last few weeks of the race. The thing to note is that McCain is one of the lead sponsors of a committee to investigate any Russian influence into the election. Senator Lindsay Graham, another outspoken critic of Donald Trump and briefly candidate for President from July to December also it seems received help from the Clintons. An email that simply states, Cleared the road for him in 2020, could mean that there will be no strong or supported Democrat in the South Carolina Senate race when Graham is up for re-election. As with McCain, Graham has publicly called for a look into the Russian influence in the election. There were a lot of politicians who were opposed to Donald Trump. These, in particular, all share a common bond, however: Trump humiliated them on stage in front of hundreds of millions of people around the world. This is more than just politics or conscientious objecting, this was revenge. Not just revenge. This is out and out treason. Our representatives took an oath to support our Constitution and its laws for our benefit, not theirs. This is why gridlock is prevalent in D.C.the treachery and the corruption are on both sides of the coin. Unfortunately, there is no way of knowing who the true Republicans are and who are the ones that are fronts for the Clinton machine, the Pantsuit Mafia. The number of emails is too overwhelming to easily sift through them all to find all of the turncoat RINOs. We must be diligent to ferret out those that have sold their souls for power. The only hope that we have for transparency of the Clintons anytime soon rests in an audit carried out by the IRS. Behold, in recent days, there is a call to impeach the Commissioner of the IRS. Interesting times we live in to be sure. Only time and work on our part will push this audit forward. Even though Hillary lost the Presidency, she is still a power behind the scenes with these revelations. With her Democratic allies in Pelosi and Schumer and her Republican lackeys in the form of Ryan and other Republicans, she will set the agenda and pull the strings. We the people will have no idea who is on our side and who is not. For the Clintons, it will mean that even though the American people are supporting Trump and making America great again, they will set the agenda. We will be left scratching our heads and wondering how the GOP and Trump cannot accomplish anything. Clinton will be in control without having to ever show her hand or be responsible to the people. The Soros-Clinton team will have killed the Republic and we will never know until it is too late. This Russian news story perhaps is the ultimate coup for the Clinton Camp. She does not even have to be the winner of the Electoral College vote to have gained power. Should enough electors defect to Hillary or name another candidate in their votes (Electors are NOT legally bound to vote for their candidate), then that could throw the vote into the House and Senate. The suspicious part of this simply is this, On January 20th a new president will be inaugurated. The Constitution in the 25th Amendment spells out the line of succession if there is still not a picked President, the Vice President shall become president (Kaine or Pence). If the Senate has not picked a Vice-President by noon on the 20th, the Speaker of the House shall become President. Coincidence? The Roman Republic lasted for centuries in the hands of the people before falling to become the Roman Empire. That change did not happen by a foreign invasion or foreign intrigue. No barbarian or forceful enemy defeated that Republic over 2000 years ago. It was defeated from the inside by the treachery of the Senate and the blood of the slain Julius Caesar. Just as Caesar was stabbed in the back by men he thought were his allies, Trump is facing the same treachery. In the coming days and months, without our help and diligence, President Trump may also be gasping..Et Tu, Paul?",WikiLeaks: Clinton Bribed 6 Republicans To Destroy Trump,2017-01-15,
No more child support after 2017!!!!!!,http://www.react365.com/59c06b7b050bf/no-more-child-support-after-2017.html,,,https://www.snopes.com/no-child-support-2017/,811.0,,,,,No Error,"Woman Slays Gator with Butter Knife The Ohio river is known for it's vast selection of weird fish and creatures in the water. People have seen everything from small fresh water sharks to Alligator Gar. Well now you can add Alligators to that list. On July 23rd 2017 Ben Shoemaker and his family were swimming in the Ohio river when they noticed something in the water. Ben told us ""it was a hot humid day so we decided to take a dip"". He said ""at first I thought it was a log. That sucker must have been at least 9ft long, he was huge"". Ellen Shoemaker, (wife of Ben Shoemaker) said. The next day; however, local woman, Lauri Dukes, was picnicking in River park when she spotted the behemoth Gator sunning on the park's shore. The only weapon, Ms. Duke, had was a butter knife, which she was using to spread mayonnaise on a sandwich. Realizing the Gator was a threat to the community, she stealthily creeped up on the Gator and killed it with a swift stab through the eye with her butter knife. Ms. Duke, added all her family would be receiving Gator skin boots for Christmas this year.",No more child support after 2017!!!!!!,,
Ex-Army Sniper Takes Out Neighbors Home Intruder From Bedroom Window,http://theseattletribune.com/ex-army-sniper-takes-out-neighbors-home-intruder-from-bedroom-window/,,,https://www.snopes.com/army-sniper-shoot-intruders/,341.0,,,,,No Error,"Living in regular-sized homes with plenty of space for closets, lockers and shelves gives us little need to think about storage space. In tiny homes, space comes at a premium so storage space is one of the key issues that a tiny house owner will have to plan for when building, buying or furnishing their home. There is only so much we can downsize by moving to a tiny home, so planning for storage space is an integral part of preparation for tiny living. Verticality Tiny houses for sale in Florida have tiny floor plans. There is only so much space to put things on the floor, and once bare necessities such as beds, kitchen elements etc. are taken care of, there is little space left to put all of our stuff. Verticality is key in these situations. Wall-mounted shelving is excellent for organizing your stuff and it doesnt demand a single inch of your floor. They are also quite inexpensive and easy to install. Instead of having an entertainment center, it is now easy to mount your TV and speakers on the wall, leaving more space for things you cant compromise with. Multi-functional Furniture In a tiny house, a bed doesnt have the luxury to be just a bed. It needs to perform multiple functions, where storage is one of the most important ones. The same applies to coffee and night tables, sofas and kitchen elements. Beds can have drawers for your linens, or room for storage under their mattress. Instead of a regular coffee table, opt in for a cube design, where multiple storage drawers are integrated for all those small things you dont have space for. Customized Furniture Sometimes it is difficult to furnish a tiny home, especially if it doesnt use a standard floor plan. Customized furniture is a huge advantage in tiny homes, where space is at a premium. You can make sure that every single corner and nook of your house can be used in a functional way. The same applies to storage. A well-placed shelf or locker, can perform a very important function while not taking up much space or by utilizing and otherwise unused space. Customized furniture does come at a premium price, but it is one of those investments you will not lose any sleep over once you are living in your tiny home. Tiny Appliances Every piece of furniture and appliance you put into your tiny home, will make you compromise on something else. Tiny living is about downsizing your living space to bare necessities but that has a different meaning for different people. In order to create more space for storing stuff you cant live without, making some sacrifices when it comes to appliances is important. Instead of a full-sized stove, opt in for a dual heat-plate design that will take up less space. A small refrigerator works fine, just like a large two-door model. Also shopping more frequently for fresh groceries will lead you to a healthier lifestyle and diet. A fold out dinning-table in the kitchen, saves you the space that you might need for a dining table. Tiny appliances and gadgets do tend to have a higher price than standard ones, but they provide so much more than function to tiny home dwellers.",Information for the Nation,,
Death row inmate eats an entire Bible as his last meal,http://worldnewsdailyreport.com/death-row-inmate-eats-an-entire-bible-as-his-last-meal/,,,https://www.snopes.com/inmate-bible-last-meal/,,,,,,No Error,"Atmore, Alabama | When the prison staff asked 33-year Jeremy Morris if he wanted anything special for his last meal, he answered: I just want a Bible. The prison guards of the William C. Holman Correctional Facility thought he wanted to pray and repent, so they gave him an old copy of the King James Bible. Against all expectations, the condemned murderer began tearing up the holy book and eating it. It took hours of chewing and swallowing small pieces of paper, but Mr. Morris ate the totality of the 1200-page book, including the cover. Walter Henri, the prison guard who handed him the old and worn out Bible, says the inmate seemed to savor every bite. He kept tearing pieces from his Bible and eating them like they were potato chips! Holman Prison director, Frank Davis, says the staff decided to let the prisoner eat the Bible because it didnt violate the establishments last meal policy. In most states and various countries where the death penalty is legal, its customary to give sentenced prisoners a special last meal at their request. Restrictions do apply, concerning mostly the legality, the accessibility and value of the meal. Despite its unusual nature, Mr. Morris choice of meal was locally accessible and worth less than 40$, making it conform to the rules of Alabama correctional facilities. Jeremy Morris is expected to be executed tomorrow for the killing of two Catholic nuns in 2007.",Death row inmate eats an entire Bible as his last meal,2017-04-26,Barbara Jennnings
17-year-old teenager sues his parents for being born white,http://worldnewsdailyreport.com/17-year-old-teenager-sues-his-parents-for-being-born-white/,,,,,,,,,No Error,"St-Louis, MO | A 17-year-old is undertaking one of the most controversial lawsuits of the history of the country as he is suing his own biological parents for being born white. Anthony Dwight, 17, claims he has suffered his whole life from the shame of being born white. When I was a kid, Id spend hours in the shower trying to wash off the white off my skin, but it would never go away, he recalls painfully. Isnt there enough white people on this planet already? Havent we inflicted enough suffering, racism and oppression in this world? he asked reporters. White guilt The young mans lawyer, Robert Hoffman, claims his client has suffered severe psychological distress, symptoms of depression and suicidal tendencies because of what he called the burden of white privilege. My client did not choose to live this kind of life. Why would he have to carry the burden of hundreds of years of slavery and racism all because his parents had the selfish desire to bring another white child into this world, he told the judge. Because of the level of psychological distress of my client, we ask that his parents pay for all necessary expenses to change his racial status, including skin coloring treatments, he added. Anthony Dwight, who plans to change his name to Jamal Freeman, is asking that his parents pay for the $20,000 skin coloring treatment he needs to turn his skin color to dark black he told reporters. His lawyer argued in court that $20,000 is a low price to pay to positively change this young mans life, considering the suicidal tendencies of his client and the profound feeling of shame and despair his client has faced since his birth.",17-year-old teenager sues his parents for being born white,2017-08-30,Bob Flanagan
Sharks spotted in mississippi River near Davenport has been confirmed as Great white shark,http://www.breakingnews365.net/58de9ba5bc7ce/sharks-spotted-in-mississippi-river-near-davenport-has-been-confirmed-as-great-white-shark.html,,,,,,,,,No Error,"Giant Squid Washes Ashore on Lake Michigan Michigan DNR were called to Leland to the report of a giant squid which had washed ashore. Michigan DNR Marine Biologist Dr. Debra Polowotski arrived at Good Harbor Bay and confirmed the 21 foot-long giant squid to be a very rare fresh-water species of genus Architeuthis. We thought they were already in Lake Erie, we had no idea they were in Lake Michigan. This is first time theres been an actual specimen recovered, so this is very exciting, she said. It is believed that a few of the squid escaped from the Cleveland Sea World complex during the great Northeast blackout of 2003 when they were very young, and somehow made it into Lake Erie. According to Dr. Polowotski, the squid were kept contained in Lake Erie, as the Detroit River is too narrow and shallow for the squid to swim upstream. They are intimidated by closed-in spaces. They need a lot of room. You have to remember that this is a very big animal, she said. Dr. Polotwotski also confirmed that the squid is a female and further examination of the corpse indicated that it had recently laid eggs. Hopefully the walleye can keep the tiny-giant squid population under control, else there is some cause for concern, said Dr. Polowotski. Boaters and swimmers really need to exercise some caution. The animal was discovered by Bob Ritchie and his sister Jill, both of Romeo. We were just, you know, taking an evening walk along the beach, heading out to the sandbar when we stumbled across it, said Bob. We were singing, drinking whiskey out of the bottle, not thinking about tomorrow. But something like this really does make you stop and think, he said. DNR officials removed the animal from the beach and took it to an undisclosed location for further study.",Sharks spotted in mississippi River near Davenport has been confirmed as Great white shark,,
Retired MI5 Agent Confesses On Deathbed: 'I Killed Princess Diana',http://yournewswire.com/mi5-agent-killed-princess-diana/,,,https://www.snopes.com/retired-mi5-agent-confesses-on-deathbed-i-killed-princess-diana/,4511.0,,,,,No Error,"An 80-year-old retired MI5 agent, John Hopkins, has made a series of astonishing confessions since he was released from hospital in London on Wednesday and told he has weeks to live. Hopkins claims to have been involved in 23 assassinations for the British intelligence agency between 1973 and 1999, including Princess Diana. Mr. Hopkins, who worked for M15 for 38 years as an operative, claims he was often used as an hitman by the agency, to discreetly assassinate individuals considered a threat to the domestic security of the United Kingdom. Trained as both a mechanical engineer and munitions expert, Mr. Hopkins claims he also has extensive experience of less conventional methods of inflicting death and destruction, including chemicals and poisons. The 80-year-old British man claims he was involved with MI5 assassinations between June 1973 and December 1999, during a period he says the MI5 operated with less external oversight. Hopkins says he was part of a cell of seven operatives who were trusted to carry out political assassinations across the UK. Most victims were politicians, activists, journalists and union leaders. Mr. Hopkins says Princess Diana is unique among his victims, as she is the only female he ever assassinated, as well as the only Royal. She is also the only victim that the Royal Family themselves ordered to be taken out. [Banned Worldwide: Princess Diana Documentary Unlawful Killing. Must See.] He claims to feel ambivalent about Princess Dianas death. On the one hand, Diana was a beautiful, kind-hearted woman who did not deserve to have her life cut short. But according to Mr. Hopkins, she was also placing the British Crown at risk: She knew too many Royal secrets. She had a huge grudge and she was going to go public with all sorts of wild claims. My boss told me she had to die  hed received orders directly from Prince Philip  and we had to make it look like an accident. Id never killed a woman before, much less a princess, but I obeyed orders. I did it for Queen and country. The next stage of the high-level conspiracy involved the media, under tight Palace control, talking to each other to square their stories, make sure everybody was on the same page. It was a well run operation. British journalists all answer to editors who answer to oligarchs who all want knighthoods from the crime family at Buckingham Palace. There is no free press in Britain, said Mr. Hopkins. We got away with murder. The 80-year-old, spending his final weeks at home, said he expects to be taken into custody following his admissions, but says I cant say that I care an awful lot. Hopkins explained that any investigation into the affair would take forever and be very complicated because there are few written records around secret MI5 activities and most of my colleagues are already dead. The most important witness in the case, Mr. Hopkins boss, died of a heart attack in the early 2000s and the alleged ringleader, Prince Philip, will never be charged with anything, of course [Queen Elizabeth Ordered Princess Diana Murder Says Dianas Best Friend] If Prince Philip ever let himself be analyzed by a psychiatrist Im sure hed be diagnosed a psychopath. He has all the dark triad traits. Asked why he didnt refuse the job, or expose the plot at the time, he explained MI5 agents swear allegiance to the Crown, we cant be impartial when it comes to the Royal family. At best I would have been done for treason, at worst Philip would have designed a grisly fate for me.",Retired MI5 Agent Confesses On Deathbed: I Killed Princess Diana,2017-06-19,
Vuelve el Servicio militar obligatorio para menores de 25 aos,http://www.12minutos.com/58cc35a723182/vuelve-el-servicio-militar-obligatorio-para-menores-de-25-anos.html,,,,,,,,,No Error,"Paul McCartney en Mxico El 5to Beatle mexicano, Ricardo Caldern, confirm en su programa de radio que Paul vena a Mxico en octubre de este ao 2016, la venta de los boletos saldran en el transcurso de mayo, lo cierto es que Paul hizo panchos y se le ocurri hacerespuesta una reservacin en su heladera favorita de la calle Baker Street en Londres para la misma fecha que iba a estar destinada para Mxico. En un arranque de antojo, Paul una vez ms le hizo el feo a Mxico dejando en ridculo al 5to Beatle Mexicano y sus predicciones, pero no se preocupen, se dice que el directamente esta regaando a Paul y lo est obligando a venir a tocar a su reconocido festival internachional de Beatles que se organiza cada Diciembre y GRATIS, para toda la raza, cabe resaltar que el en ningn momento saca provecho de esta situacin, siempre ha sido por voluntad propia y el gran gusto y fanatismo por la mejor banda de la historia. Ni modo, tendremos que esperar otra de sus confirmaciones a ver si chicle y pega esta vez y Paul no decida hacernos otro berrinche y se vaya a Japn a comer sushi.",Vuelve el Servicio militar obligatorio para menores de 25 aos,,
Woman rolls over hairdresser with her car after he ruined her hair,http://worldnewsdailyreport.com/woman-rolls-over-hairdresser-with-her-car-after-he-ruined-her-hair/,,,,,,,,,No Error,"An 18-year old woman was arrested this morning after she deliberately ran over her hairdresser seven times with her car. According to the Chicago Police Department, Cassandra Gilmore, from Oak Lawn in Illinois, had her hair cut this morning at Luigis Beauty Palace in downtown Chicago, by the famous stylist Francesco Moreno. After seeing the results in a mirror, she suddenly became hysterical and tried to assault Mr. Moreno with a curling iron. Two customers of the establishment rapidly intervened to help the stylist. Fighting desperately, they were able to stop the woman and kick her out of the store. Ms. Gilmore was still determined to get her vengeance, however, and she waited more than four hours in a nearby parking lot for the victim to leave his workplace. When Mr. Moreno exited from the beauty salon around 2:15 PM, she charged him with her car and ran him over at more than 50 miles per hour. According to Roseanne Taylor, who works with Francesco Moreno and witnessed the attack, Ms. Gilmore drove back and forth over him at least 7 times. I saw her car roll over a flowerbed and hit Francesco at incredible speed. She then backed up and kept rolling back and forth over him until her car stalled. Several witnesses rapidly called the police, and the first officers arrived on the site less than two minutes later. They immediately arrested the 18-year old woman and called an ambulance on the site. Mr. Moreno was transported to the Mercy Hospital and Medical Center, where doctors were able to stabilize him. He suffers from severe internal bleeding, a perforated lung, two skull fractures, eight broken ribs and 21 other bone fractures, but doctors no longer fear for his life. Cassandra Gilmore confessed to intentionally attacking Mr. Moreno, saying she wanted revenge after he ruined her life with his botched haircut. She allegedly explained that her prom night is only a month away and that she was under a lot of stress to make this most important night of her life perfect. The young woman will most likely miss her prom after all, as she now faces a total of 29 criminal charges, including attempted murder, using a vehicle as a weapon and dangerous driving. She could face up to 75 years in prison and is expected to appear in court in June.",Woman rolls over hairdresser with her car after he ruined her hair,2017-05-08,Barbara Jennnings
Texas Church Shooter Was Antifa Member Who Vowed To Start Civil War,http://yournewswire.com/texas-church-shooter-antifa/,http://www.politifact.com/punditfact/statements/2017/nov/06/yournewswirecom/fake-news-no-proof-antifa-communism-compelled-texa/,1610.0,https://www.snopes.com/texas-church-shooter-antifa/,49480.0,http://www.factcheck.org/2017/11/texas-shooting-unrelated-antifa/,1832.0,,,No Error,"The gunman who opened fire inside a church in Sutherland Springs, Texas, has been identified as Devin Kelley, an Antifa member who vowed to start a civil war by targeting white conservative churches and causing anarchy in the United States. Wilson County Commissioner Albert Gamez Jr said that at least 27 people have been killed in the shooting, according to reports by the CNN and the BBC, with the confirmed death toll expected to climb in the coming hours. Witnesses report they saw Devin Kelley walk into the Baptist Church in the small town 30 miles from San Antonio at 11:30am local time Sunday, according to KSAT-12. Devin Kelley, who killed at least 27 people and injured many more, was one of two shooters in the church, according to eyewitnesses, who also report Kelley carried an Antifa flag and told the churchgoers this is a communist revolution before unloading on the congregation, reloading several times. Sheriff Joe Tackitt confirmed to Wilson County News that there have been multiple fatalities and the shooter has been taken down. Devin Kelleys Facebook page stated that he was an atheist and his interests included Civil and social rights and Civil rights as well as endorsements for local Texan Democratic political candidates. His page also featured photos of several high powered weapons. His Facebook page was taken down without explanation less than an hour after the shooting. An eyewitness told CBS News that there was a heavy police presence on the road to the church, adding that they had seen severely injured people being airlifted from the area. Texas Governor Greg Abbott posted to Twitter shortly after the mass shooting, saying: Our prayers are with all who were harmed by this evil act. Our thanks to law enforcement for their response. More details from DPS soon. Our prayers are with all who were harmed by this evil act. Our thanks to law enforcement for their response. More details from DPS soon. _LINKS_  Greg Abbott (@GregAbbott_TX) November 5, 2017 President Donald Trump has confirmed he is aware of the situation and said he was monitoring it from Japan. May God be w/ the people of Sutherland Springs, Texas. The FBI & law enforcement are on the scene. I am monitoring the situation from Japan.  Donald J. Trump (@realDonaldTrump) November 5, 2017",Texas Church Shooter Was Antifa Member Who Vowed To Start Civil War,2017-11-05,
Servicio militar OBLIGATORIO para jvenes de 18 que no trabajen ni estudien,http://www.noticias-frescas.com/59f3eaac43e11/servicio-militar-obligatorio-para-jovenes-de-18-que-no-trabajen-ni-estudien.html,,,,,,,,,No Error,Encontrada una sirena real en la playa de Caranza  A las seis menos diez minutos de la tarde varios vecinos alertaban al 112 y cuerpo de bomberos tras ver una sirena real. El cuerpo del extrao animal apareci entre el primer espign y la iglesia de Santa Maria. El cuerpo del extrao ser esta aun por identificar pero se baraja la posibilidad que sea una especie marina humana de mas de 200aos de edad . Hasta el lugar de la aparicin se acercaron una decena de vecinos curiosos por el hallazgo tan raro. Cuerpos de la polica y del orden aconsejan no andar por la zona de noche ya que dicen que tal como nadan pueden andar. Informa agencia ACG.,Servicio militar OBLIGATORIO para jvenes de 18 que no trabajen ni estudien,,
Man accused of ejaculating in his boss coffee everyday for 4 years,http://worldnewsdailyreport.com/man-accused-of-ejaculating-in-his-boss-coffee-everyday-for-4-years/,,,https://www.snopes.com/man-ejaculating-boss-coffee/,183.0,,,,,No Error,"Newark, New Jersey | A man was arrested on his work site this morning after it was discovered that he was ejaculating in his employers coffee every morning. 38-year old Lewis Williams spent the last four years working as the personal assistant of Ms. Linda Moore, executive president of the DANCO engineering firm. Among his tasks as Ms. Moores assistant, he was to take her phone calls, set her schedule and bring her a cup of coffee to her desk every day when she arrived at work. After a dispute with his boss this morning, Mr. Williams admitted in front of a dozen coworkers, that he had ejaculated in her coffee hundreds of time. According to Brian Little, an intern who witnessed the entire scene, Lewis Williams showed no remorse while he confessed his crime. He almost looked proud when he told her: Ive been eating your shit for four years, but all this time, youve been drinking my cum! He then smiled and explained everything. The angry employee explained that he had been putting extra cream in Ms. Moores coffee, five days a week and over many years. After his confession, his colleagues called the police and Mr. Williams was arrested on the site. A total of 910 criminal charges has been filed against him, including 860 charges of sexual assault. If found guilty on all charges, he could face up to 1070 years in prison. Lewis Williams motivations when he committed his crimes remain unclear, but there certainly was some animosity between him and his boss. Some of his colleagues have told reporters that he was deeply misogynic and found it humiliating to take orders from a woman all day. Some other employees, however, have suggested that Ms. Moore was often aggressive, dominating and verbally abusive with the accused and he may have acted as some sort of self-defense.",Man accused of ejaculating in his boss coffee everyday for 4 years,2017-05-19,Barbara Jennnings
BREAKING: Charles Manson Dies in California Hospital,http://empirenews.net/breaking-charles-manson-dies-in-california-hospital/,,,,,,,,,No Error,"0 STOCKTON, California  Charles Manson, the notorious cult leader who was arrested and convicted in 1971 of conspiracy to commit murder, has died. According to police reports, the serial killer, who never actually killed anyone and should have realistically been released from prison decades ago, died from natural causes after a short illness hospitalized him. Manson was taken to the hospital approximately one month ago, and was suffering from several illnesses, including bronchitis, dementia, and colon cancer, said Dr. Shawn Tate. He died peacefully in sleep last evening at approximately 11:45pm. Charles Manson was survived by his three sons and one daughter. Funeral arrangements are currently being made where they are expecting large crowds of supporters as well as angry protesters. The Westboro Baptist Church has already announced that they will picket the funeral, but their regular group of counter-protestors have said that just this once they will let it happen. 0 Comments comments",BREAKING: Charles Manson Dies in California Hospital,,Bob The Empire News Potato
"Plane accidentally empties toilet tank over cruise ship, 23 injured",http://worldnewsdailyreport.com/plane-accidentally-empties-toilet-tank-over-cruise-ship-23-injured/,,,https://www.snopes.com/plane-toilet-cruise-ship/,1100.0,,,,,No Error,"Passengers of a cruise ship sailing off the coast of Hawaii had an extremely unpleasant surprise this morning, when chunks of frozen human waste fell on them from the sky. A Boeing 777 airplane belonging to the Taiwanese airline EVA Air, dumped human excreta midair while traveling from Japan to Hawaii. Unfortunately, the content of the toilet tank was jettisoned into the sky while the plane was flying over the cruise liner Lady of the Pacific, which was hit by large chunks of blue ice. Hundreds of passengers were standing on the top deck at the time, and many were hit by ice projectiles weighing up to 10 lbs. Janis Garrison, a passenger who witnessed the whole incident, says the ice appeared very suddenly and took everyone by surprise. Large chunks of ice appeared out of nowhere and began falling everywhere. It happened so fast that many people were hurt without knowing what hit them. Five passengers were critically injured and 18 more were severely hurt, but the ships medical staff intervened rapidly and was able to stabilize all of the victims. The ship was rapidly redirected to Hawaii to undergo some repair and to allow the injured passengers to obtain better medical care. Some of them could need weeks of care before they can go back to their regular life. North Pacific Cruise Lines, who own and operate the Lady of the Pacific, confirmed they would file a lawsuit against the Taiwanese airline. According to international law, dumping of lavatory waste is illegal, so EVA Air could also face some major fines. Despite regulations, many Asian airliners continue to jettison the content their toilet tanks over the Pacific Ocean, and even over land. In December 2016, the National Green Tribunal (NGT) of India ordered a fine of Rs. 50,000 on airlines emptying toilet tanks in the air, after a Delhi neighborhood was repeatedly hit by blue ice.","Plane accidentally empties toilet tank over cruise ship, 23 injured",2017-04-11,Barbara Jennnings
